<?xml version="1.0" encoding="utf-8" standalone="yes" ?>
<T3locallang>
	<meta type="array">
		<type>module</type>
		<description>Language labels for plugin &quot;tx_zafanunturi_pi2&quot;</description>
	</meta>
	<data type="array">
		<languageKey index="default" type="array">
			<label index="list_mode_1">Mode 1</label>
			<label index="list_mode_2">Mode 2</label>
			<label index="list_mode_3">Mode 3</label>
			<label index="back">Back</label>
			<label index="submit_button_label">Click here to submit value</label>
			<label index="no_nume">Introduceți numele</label>
			<label index="no_mail">Introduceți adresa de mail</label>
			<label index="no_mesaj">Introduceți mesajul</label>
			<label index="no_captcha">Introduceți codul de securitate</label>
			<label index="wrong_captcha">Ați greșit codul de securitate</label>
			<label index="wrong_email">Introduceți o adresă validă de mail.</label>
			<label index="mail_sent">Mesajul a fost trimis cu SUCCES !</label>
		</languageKey>
	</data>
</T3locallang>