<?xml version="1.0" encoding="UTF-8"?>
<T3DataStructure>
	<meta>
		<langDisable>1</langDisable>
		<langChildren>0</langChildren>		
	</meta>	
	<ROOT>				
		<type>array</type>
		<el>			  
		<templateFile>
				<TCEforms>
					<label>LLL:EXT:zaf_anunturi/locallang_db.xml:template_file</label>
					<config>
						<type>input</type>
						<eval>trim</eval>
						<default></default>
						<wizards type="array">
							<_PADDING>2</_PADDING>
							<link type="array">
								<type>popup</type>
								<icon>link_popup.gif</icon>
								<script>browse_link.php?mode=wizard&amp;act=file</script>
								<params type="array">
									<blindLinkOptions>page,url,mail,spec</blindLinkOptions>
								</params>
								<JSopenParams>height=300,width=500,status=0,menubar=0,scrollbars=1</JSopenParams>
							</link>
						</wizards>
					</config>
				</TCEforms>
			</templateFile>
			<startingPoint>
				<TCEforms>
				<exclude>1</exclude>
				<label>LLL:EXT:zaf_anunturi/locallang_db.xml:startingPoint</label>			       
				<config>
					<type>group</type>
					<internal_type>db</internal_type>
					<allowed>pages</allowed>
					<size>1</size>
					<maxitems>1</maxitems>
					<minitems>0</minitems>
					<show_thumbs>1</show_thumbs>
					<wizards>
						<suggest>
							<type>suggest</type>
						</suggest>
					</wizards>					 
				</config>
				</TCEforms>
			</startingPoint>		
			<thankYouPage>
				<TCEforms>
				<exclude>1</exclude>
				<label>LLL:EXT:zaf_anunturi/locallang_db.xml:thanYouPage</label>			       
				<config>
					<type>group</type>
					<internal_type>db</internal_type>
					<allowed>pages</allowed>
					<size>1</size>
					<maxitems>1</maxitems>
					<minitems>0</minitems>
					<show_thumbs>1</show_thumbs>
					<wizards>
						<suggest>
							<type>suggest</type>
						</suggest>
					</wizards>					 
				</config>
				</TCEforms>
			</thankYouPage>			
		</el>
	</ROOT>
</T3DataStructure>