<?xml version="1.0" encoding="utf-8" standalone="yes" ?>
<T3locallang>
	<meta type="array">
		<type>database</type>
		<description>Language labels for database tables/fields belonging to extension 'zaf_anunturi'</description>
	</meta>
	<data type="array">
		<languageKey index="default" type="array">
			<label index="tt_content.list_type_pi1">ZAF Adaugare anunt</label>
			<label index="tt_content.list_type_pi2">ZAF Lista anunturi</label>
			<label index="tt_content.list_type_pi3">ZAF Detalii anunt</label>
			<label index="tt_content.list_type_pi4">ZAF Form Cautare</label>
			<label index="tt_content.list_type_pi5">ZAF Confirmare anunt</label>
			<label index="tt_content.list_type_pi6">ZAF Aprobare anunt</label>
			<label index="tt_content.list_type_pi7">ZAF Ultimele anunturi</label>
			<label index="tx_zafanunturi_anunuri">Anunturi</label>
			<label index="tx_zafanunturi_anunuri.titlu">Titlu</label>
			<label index="tx_zafanunturi_anunuri.tip_anunt.I.0">-- Alege --</label>
			<label index="tx_zafanunturi_anunuri.tip_anunt.I.1">Oferta / Vanzare</label>
			<label index="tx_zafanunturi_anunuri.tip_anunt.I.2">Cerere / Cumparare</label>
			<label index="tx_zafanunturi_anunuri.tip_anunt.I.3">Inchirieri</label>
			<label index="tx_zafanunturi_anunuri.tip_anunt.I.4">Schimburi</label>
			<label index="tx_zafanunturi_anunuri.tip_anunt.I.5">Nespecificat</label>
			<label index="tx_zafanunturi_anunuri.tip_anunt">Tip Anunt</label>
			<label index="tx_zafanunturi_anunuri.judet">Judet</label>
			<label index="tx_zafanunturi_anunuri.localitate">Localitate</label>
			<label index="tx_zafanunturi_anunuri.pret">Pret</label>
			<label index="tx_zafanunturi_anunuri.moneda.I.0">RON</label>
			<label index="tx_zafanunturi_anunuri.moneda.I.1">EUR</label>
			<label index="tx_zafanunturi_anunuri.moneda.I.2">USD</label>
			<label index="tx_zafanunturi_anunuri.moneda">Moneda</label>
			<label index="tx_zafanunturi_anunuri.valabilitate.I.0">1 saptamana</label>
			<label index="tx_zafanunturi_anunuri.valabilitate.I.1">2 saptamani</label>
			<label index="tx_zafanunturi_anunuri.valabilitate">Valabilitate</label>
			<label index="tx_zafanunturi_anunuri.text_anunt">Textul anuntului</label>
			<label index="tx_zafanunturi_anunuri.select">Selectati</label>
			<label index="tx_zafanunturi_anunuri.categ">Categorie</label>
			<label index="template_file">Template file</label>
			<label index="startingPoint">Starting point</label>
			<label index="thanYouPage">Thank you page (where to redirect after submit)</label>
			<label index="tx_zafanunturi_anunuri.poza">Poze</label>
			<label index="whereToPoint2">Pagina spre rezultatele cautarii</label>
			<label index="tx_zafanunturi_anunuri.metoda_afisare.I.0">Toate</label>
			<label index="tx_zafanunturi_anunuri.metoda_afisare.I.1">Oferte</label>
			<label index="tx_zafanunturi_anunuri.metoda_afisare.I.2">Cereri</label>
			<label index="tx_zafanunturi_anunuri.metoda_afisare">Metoda de afisare</label>
			<label index="tx_zafanunturi_anunuri.nume">Nume</label>
			<label index="tx_zafanunturi_anunuri.telefon">Telefon</label>
			<label index="tx_zafanunturi_anunuri.email">Email</label>
		</languageKey>
	</data>
</T3locallang>