<?xml version="1.0" encoding="utf-8" standalone="yes" ?>
<T3locallang>
	<meta type="array">
		<type>module</type>
		<description>Language labels for plugin &quot;tx_zafanunturi_pi2&quot;</description>
	</meta>
	<data type="array">
		<languageKey index="default" type="array">
			<label index="success_confirm">Anunțul a fost confirmat cu succes. În scurt timp va fi verificat de către administratorul site-ului. În cazul în care indeplinește termenii și condițiile, va fi publicat pe site.</label>			
		</languageKey>
	</data>
</T3locallang>