<?xml version="1.0" encoding="utf-8" standalone="yes" ?>
<T3locallang>
	<meta type="array">
		<type>module</type>
		<description>Language labels for plugin &quot;tx_zafanunturi_pi2&quot;</description>
	</meta>
	<data type="array">
		<languageKey index="default" type="array">
			<label index="list_mode_1">Mode 1</label>
			<label index="list_mode_2">Mode 2</label>
			<label index="list_mode_3">Mode 3</label>
			<label index="back">Back</label>
			<label index="submit_button_label">Click here to submit value</label>
			<label index="no_results_found">Nu a fost găsit nici un rezultat</label>
			<label index="link_prev">Anterioara</label>
			<label index="link_first">Prima</label>
			<label index="link_next">Următoarea</label>
			<label index="link_last">Ultima</label>
		</languageKey>
	</data>
</T3locallang>